{
  "input_features": [
    "r",
    "p",
    "b2",
    "ge_1 [MPa]",
    "temperature [K]",
    "density [g/cm^3]",
    "param's <b> [nm]",
    "remove_wsol",
    "param's Mw [kg/mol]",
    "Mw [kg/mol]",
    "Mw [kg/mol] monofunctional chains",
    "Mw [kg/mol] solvent chains",
    "Mw [kg/mol] xlink chains",
    "functionality_per_xlink_chain",
    "functionalize_discrete",
    "solvent_fraction_of_beads",
    "monofunctional_fraction_of_beads",
    "bifunctional_fraction_of_beads",
    "entanglement_sampling_cutoff [nm]",
    "entanglements_as_springs"
  ],
  "output_features": [
    "G [MPa] from gamma Mean, Entangled FB No Slipping",
    "Phantom, FB/FR, G_ANT [MPa]",
    "dangling_fraction Mean, Entangled FB No Slipping",
    "soluble_fraction Mean, Entangled FB No Slipping"
  ],
  "model_key": "",
  "input_size": 20,
  "output_size": 4,
  "input_scaler": {
    "type": "CustomScaler",
    "bin_vars_index": [
      7,
      14
    ],
    "cont_vars_index": [
      0,
      1,
      2,
      3,
      4,
      5,
      6,
      8,
      9,
      10,
      11,
      12,
      13,
      15,
      16,
      17,
      18,
      19
    ],
    "log_y": true,
    "standard_scaler": {
      "with_mean": true,
      "with_std": true,
      "mean_": [
        1.0436335572841404,
        0.851824044073666,
        0.9376505214792664,
        0.8978170783032061,
        359.6040359223203,
        0.9595459552615309,
        1.1521882578824183,
        0.33155909679774354,
        47.27760273498518,
        14.22858320449485,
        1.0266737148508174,
        7.42025651310545,
        16.64997546711227,
        0.004089449230977096,
        0.08999536353883072,
        0.8940824912630593,
        2.2745677169377507,
        0.06659218442240061
      ],
      "scale_": [
        0.48541218458277363,
        0.14782664806118642,
        0.15036113212287366,
        1.0548142931431448,
        88.01113045266138,
        0.1250913117705366,
        0.3986298512831601,
        0.33966260872996773,
        64.16988735616037,
        41.84680524359641,
        14.059087594084936,
        30.525327295599315,
        47.12955938475123,
        0.042485398027205044,
        0.19025615064237547,
        0.20240841799586706,
        0.5634921239881024,
        0.24931439067220645
      ],
      "var_": [
        0.2356249889414207,
        0.02185271787700587,
        0.022608470053272267,
        1.112633193019072,
        7745.959083555378,
        0.015647836280473584,
        0.15890575833403434,
        0.11537068776924715,
        4117.774443302311,
        1751.155109095488,
        197.65794397815296,
        931.7956065034605,
        2221.1953678007926,
        0.0018050090455300383,
        0.036197402857254264,
        0.04096916767558964,
        0.31752337379662304,
        0.06215766539625358
      ]
    }
  },
  "target_scaler": {
    "type": "TargetScaler",
    "log_vars_index": [
      0,
      1
    ],
    "log1p_vars_index": [],
    "exclude_vars_index": [
      2,
      3
    ],
    "standard_scaler": {
      "with_mean": true,
      "with_std": true,
      "mean_": [
        -1.6450245912646637,
        -3.990121796238272
      ],
      "scale_": [
        1.6872915687787542,
        1.3643992145949217
      ],
      "var_": [
        2.8469528380718696,
        1.8615852167872395
      ]
    }
  }
}