{
  "input_features": [
    "r",
    "p_relative",
    "b2",
    "ge_1 [MPa]",
    "temperature [K]",
    "density [g/cm^3]",
    "param's <b> [nm]",
    "remove_wsol",
    "param's Mw [kg/mol]",
    "Mw [kg/mol]",
    "Mw [kg/mol] monofunctional chains",
    "Mw [kg/mol] solvent chains",
    "Mw [kg/mol] xlink chains",
    "functionality_per_xlink_chain",
    "functionalize_discrete",
    "solvent_fraction_of_beads",
    "monofunctional_fraction_of_beads",
    "bifunctional_fraction_of_beads",
    "entanglement_sampling_cutoff [nm]",
    "entanglements_as_springs"
  ],
  "output_features": [
    "G [MPa] from gamma Mean, Entangled FB No Slipping",
    "Phantom, FB/FR, G_ANT [MPa]",
    "dangling_fraction Mean, Entangled FB No Slipping",
    "soluble_fraction Mean, Entangled FB No Slipping"
  ],
  "model_key": "",
  "input_size": 20,
  "output_size": 4,
  "input_scaler": {
    "type": "CustomScaler",
    "bin_vars_index": [
      7,
      14,
      19
    ],
    "logit_vars_index": [
      1,
      2,
      15,
      16,
      17
    ],
    "cont_vars_index": [
      0,
      3,
      4,
      5,
      6,
      8,
      9,
      10,
      11,
      12,
      13,
      18
    ],
    "scale_vars_index": [
      0,
      1,
      2,
      3,
      4,
      5,
      6,
      8,
      9,
      10,
      11,
      12,
      13,
      15,
      16,
      17,
      18
    ],
    "logit_epsilon": 1e-06,
    "log_y": true,
    "standard_scaler": {
      "with_mean": true,
      "with_std": true,
      "mean_": [
        1.0432294207788926,
        1.5756298304661838,
        10.356245390365153,
        0.8998590248722881,
        359.7481848447466,
        0.9594997982728596,
        1.1523545919835556,
        0.3315181808958379,
        47.27868607566736,
        14.180667756173907,
        1.020096661893708,
        7.425473146097332,
        16.586069985855346,
        -13.6397982931878,
        -10.179346125307989,
        4.080733968016774,
        2.273242895921106
      ],
      "scale_": [
        0.4936208000016002,
        1.26642085615246,
        5.508631137267138,
        1.0558714652277679,
        88.07896152067275,
        0.1252146061726591,
        0.39870038304428773,
        0.3398316417943832,
        64.08402321185757,
        41.846089620179434,
        13.922066472801463,
        30.46279767435448,
        46.85623026463832,
        1.4861061255948573,
        5.78404351212697,
        2.312602199811883,
        0.5626205042068065
      ],
      "var_": [
        0.24366149419421976,
        1.6038217848979295,
        30.34501700646905,
        1.1148645510822333,
        7757.90346256015,
        0.015678697598974115,
        0.15896199543966177,
        0.11548554476466598,
        4106.762031017899,
        1751.0952165000888,
        193.8239348731026,
        927.9820421486567,
        2195.506314612808,
        2.208511416530558,
        33.45515935017809,
        5.348128934574762,
        0.31654183175392125
      ]
    }
  },
  "target_scaler": {
    "type": "TargetScaler",
    "log_vars_index": [
      0,
      1
    ],
    "log1p_vars_index": [],
    "logit_vars_index": [
      2,
      3
    ],
    "exclude_vars_index": [],
    "logit_epsilon": 1e-06,
    "standard_scaler": {
      "with_mean": true,
      "with_std": true,
      "mean_": [
        -1.640343550254664,
        -3.9878060172723426,
        -1.1433493795913647,
        -4.475898844908651
      ],
      "scale_": [
        1.6867584834798415,
        1.362861787127071,
        1.2062537017733053,
        2.955958224768722
      ],
      "var_": [
        2.8451541815912145,
        1.8573922508111935,
        1.4550479930418023,
        8.737689026577854
      ]
    }
  }
}