{
  "input_features": [
    "r",
    "p_relative",
    "b2",
    "Mw [kg/mol]",
    "Mw [kg/mol] monofunctional chains",
    "Mw [kg/mol] xlink chains",
    "functionality_per_xlink_chain",
    "monofunctional_fraction_of_beads",
    "bifunctional_fraction_of_beads"
  ],
  "output_features": [
    "G [MPa] from gamma Mean, Entangled FB No Slipping",
    "Phantom, FB/FR, G_ANT [MPa]",
    "dangling_fraction Mean, Entangled FB No Slipping",
    "soluble_fraction Mean, Entangled FB No Slipping"
  ],
  "model_key": "remove_wsol_False_functionalize_discrete_False_entanglements_as_springs_False_has_solvent_False_polymer_type_pdms_architecture_long-xlinks",
  "input_size": 9,
  "output_size": 4,
  "input_scaler": {
    "type": "CustomScaler",
    "bin_vars_index": [],
    "logit_vars_index": [
      1,
      2,
      7,
      8
    ],
    "cont_vars_index": [
      0,
      3,
      4,
      5,
      6
    ],
    "scale_vars_index": [
      0,
      1,
      2,
      3,
      4,
      5,
      6,
      7,
      8
    ],
    "logit_epsilon": 1e-06,
    "log_y": true,
    "standard_scaler": {
      "with_mean": true,
      "with_std": true,
      "mean_": [
        0.8795928431513453,
        1.3074824347704512,
        0.8753724053202919,
        57.796134247705716,
        31.12863138836522,
        55.75632829127391,
        90.05910717063307,
        -1.038614998274865,
        0.1579201368969345
      ],
      "scale_": [
        0.9028998073555503,
        1.342812370138541,
        3.46607995240256,
        22.802319071544286,
        24.364978108967115,
        23.635931863765478,
        29.567277747606916,
        3.517450169182877,
        1.221990347604116
      ],
      "var_": [
        0.8152280621226898,
        1.8031450613970863,
        12.013710236446933,
        519.9457550405123,
        593.6521582504467,
        558.6572750685642,
        874.223913404131,
        12.37245569268465,
        1.4932604096376285
      ]
    }
  },
  "target_scaler": {
    "type": "TargetScaler",
    "log_vars_index": [
      0,
      1
    ],
    "log1p_vars_index": [],
    "logit_vars_index": [
      2,
      3
    ],
    "exclude_vars_index": [],
    "logit_epsilon": 1e-06,
    "standard_scaler": {
      "with_mean": true,
      "with_std": true,
      "mean_": [
        -5.18708606653092,
        -5.747642693394599,
        0.046822501166338126,
        -1.023920505110604
      ],
      "scale_": [
        1.145040527172054,
        0.9954902699476288,
        0.4646851359136831,
        1.0603006205819518
      ],
      "var_": [
        1.3111178088664552,
        0.9910008775604028,
        0.21593227553911815,
        1.1242374060064722
      ]
    }
  }
}