{
  "input_features": [
    "r",
    "p_relative",
    "b2",
    "Mw [kg/mol]",
    "Mw [kg/mol] monofunctional chains",
    "functionality_per_xlink_chain",
    "monofunctional_fraction_of_beads",
    "bifunctional_fraction_of_beads"
  ],
  "output_features": [
    "G [MPa] from gamma Mean, Entangled FB No Slipping",
    "Phantom, FB/FR, G_ANT [MPa]",
    "dangling_fraction Mean, Entangled FB No Slipping",
    "soluble_fraction Mean, Entangled FB No Slipping"
  ],
  "model_key": "remove_wsol_False_entanglements_as_springs_False_has_solvent_False_polymer_type_pdms_architecture_1xlink-only-with-mono",
  "input_size": 8,
  "output_size": 4,
  "input_scaler": {
    "type": "CustomScaler",
    "bin_vars_index": [],
    "logit_vars_index": [
      1,
      2,
      6,
      7
    ],
    "cont_vars_index": [
      0,
      3,
      4,
      5
    ],
    "scale_vars_index": [
      0,
      1,
      2,
      3,
      4,
      5,
      6,
      7
    ],
    "logit_epsilon": 1e-06,
    "log_y": true,
    "standard_scaler": {
      "with_mean": true,
      "with_std": true,
      "mean_": [
        1.024002747134414,
        1.6552947069078459,
        2.4324330059162613,
        35.47601186551215,
        38.62636044158446,
        4.558993524835948,
        -1.6349978876477513,
        1.5594585210772443
      ],
      "scale_": [
        0.14946809128286342,
        1.207487960674583,
        1.0569987676021217,
        22.094961552321653,
        21.978521315909465,
        1.0943628751749461,
        1.4680768130246657,
        1.3733478191283472
      ],
      "var_": [
        0.022340710311742392,
        1.458027175174063,
        1.1172463947124043,
        488.1873259985721,
        483.05539923388676,
        1.1976301025611749,
        2.1552495289406592,
        1.8860842323045879
      ]
    }
  },
  "target_scaler": {
    "type": "TargetScaler",
    "log_vars_index": [
      0,
      1
    ],
    "log1p_vars_index": [],
    "logit_vars_index": [
      2,
      3
    ],
    "exclude_vars_index": [],
    "logit_epsilon": 1e-06,
    "standard_scaler": {
      "with_mean": true,
      "with_std": true,
      "mean_": [
        -2.5495913305883002,
        -4.310146885889675,
        -0.6202594517501888,
        -3.431228339715659
      ],
      "scale_": [
        0.9432252097582778,
        1.0156150013021863,
        0.7868401485889222,
        1.5732185735890125
      ],
      "var_": [
        0.8896737963235473,
        1.03147383087004,
        0.6191174194314372,
        2.475016680285447
      ]
    }
  }
}