{
  "input_features": [
    "r",
    "p",
    "Mw [kg/mol]",
    "Mw [kg/mol] monofunctional chains",
    "functionality_per_xlink_chain",
    "functionalize_discrete"
  ],
  "output_features": [
    "G [MPa] from gamma Mean, Entangled FB No Slipping",
    "Phantom, FB/FR, G_ANT [MPa]",
    "dangling_fraction Mean, Entangled FB No Slipping",
    "soluble_fraction Mean, Entangled FB No Slipping"
  ],
  "model_key": "remove_wsol_False_entanglements_as_springs_False_has_solvent_False_polymer_type_pdms_architecture_1xlink-without-mono",
  "input_size": 6,
  "output_size": 4,
  "input_scaler": {
    "type": "CustomScaler",
    "bin_vars_index": [
      5
    ],
    "cont_vars_index": [
      0,
      1,
      2,
      3,
      4
    ],
    "log_y": true,
    "standard_scaler": {
      "with_mean": true,
      "with_std": true,
      "mean_": [
        1.2199039410780588,
        0.7146242893732265,
        25.31075537883043,
        0.0,
        4.39400031411968
      ],
      "scale_": [
        0.37935594473285844,
        0.1630339057447592,
        13.802563918447788,
        1.0,
        0.8880074724559124
      ],
      "var_": [
        0.14391093280415954,
        0.02658005442239103,
        190.51077072283675,
        0.0,
        0.788557271137538
      ]
    }
  },
  "target_scaler": {
    "type": "TargetScaler",
    "log_vars_index": [
      0,
      1
    ],
    "log1p_vars_index": [],
    "exclude_vars_index": [
      2,
      3
    ],
    "standard_scaler": {
      "with_mean": true,
      "with_std": true,
      "mean_": [
        -2.9481096144737324,
        -4.490012870230537
      ],
      "scale_": [
        0.9972585036323898,
        1.1560970428982305
      ],
      "var_": [
        0.9945245230671133,
        1.336560372598033
      ]
    }
  }
}