{
  "input_features": [
    "r",
    "p",
    "b2",
    "Mw [kg/mol]",
    "Mw [kg/mol] monofunctional chains",
    "functionality_per_xlink_chain",
    "functionalize_discrete",
    "monofunctional_fraction_of_beads",
    "bifunctional_fraction_of_beads"
  ],
  "output_features": [
    "G [MPa] from gamma Mean, Entangled FB No Slipping",
    "Phantom, FB/FR, G_ANT [MPa]",
    "dangling_fraction Mean, Entangled FB No Slipping",
    "soluble_fraction Mean, Entangled FB No Slipping"
  ],
  "model_key": "remove_wsol_False_entanglements_as_springs_False_has_solvent_False_polymer_type_pdms_architecture_1xlink-only-with-mono",
  "input_size": 9,
  "output_size": 4,
  "input_scaler": {
    "type": "CustomScaler",
    "bin_vars_index": [
      6
    ],
    "cont_vars_index": [
      0,
      1,
      2,
      3,
      4,
      5,
      7,
      8
    ],
    "log_y": true,
    "standard_scaler": {
      "with_mean": true,
      "with_std": true,
      "mean_": [
        1.024019059267858,
        0.8919614396404504,
        0.8933132525985825,
        35.50862825508891,
        38.59379372289901,
        4.557062736402765,
        0.23403216620277673,
        0.7609772826235381
      ],
      "scale_": [
        0.14931214592528713,
        0.09720598650308099,
        0.0647961287668484,
        22.093454094028036,
        22.002274262282814,
        1.095527567526063,
        0.1947699829580021,
        0.19552285146260887
      ],
      "var_": [
        0.022294116920814237,
        0.009449003812037164,
        0.004198538303169998,
        488.12071380492426,
        484.10007271271274,
        1.2001806512095723,
        0.037935346261460424,
        0.038229185444069405
      ]
    }
  },
  "target_scaler": {
    "type": "TargetScaler",
    "log_vars_index": [
      0,
      1
    ],
    "log1p_vars_index": [],
    "exclude_vars_index": [
      2,
      3
    ],
    "standard_scaler": {
      "with_mean": true,
      "with_std": true,
      "mean_": [
        -2.550852566814206,
        -4.31325052009438
      ],
      "scale_": [
        0.9424076705820416,
        1.0166486292333872
      ],
      "var_": [
        0.8881322175718698,
        1.0335744353221252
      ]
    }
  }
}