{
    "PI-50": {
        "density": 0.000893,
        "temperature": 298,
        "plateau_modulus": 0.51,
        "mean_squared_bead_distance": 0.6573311356286068,
        "bead_mass": 0.12443794483878325,
        "entanglement_sampling_cutoff": 2.2730050489686944
    },
    "PI-7": {
        "density": 0.0009000000000000001,
        "temperature": 298,
        "plateau_modulus": 0.44,
        "mean_squared_bead_distance": 0.6046495762256445,
        "bead_mass": 0.10151963303355031,
        "entanglement_sampling_cutoff": 2.3394412484314238
    },
    "PDMS": {
        "density": 0.0009699999999999999,
        "temperature": 298,
        "plateau_modulus": 0.25,
        "mean_squared_bead_distance": 1.1070087850799926,
        "bead_mass": 0.2625250175971274,
        "entanglement_sampling_cutoff": 2.5938324625039506
    },
    "PI-20": {
        "density": 0.000898,
        "temperature": 298,
        "plateau_modulus": 0.44,
        "mean_squared_bead_distance": 0.6844969745550762,
        "bead_mass": 0.1158647985708998,
        "entanglement_sampling_cutoff": 2.3394412484314238
    },
    "PI-34": {
        "density": 0.000965,
        "temperature": 298,
        "plateau_modulus": 0.44,
        "mean_squared_bead_distance": 0.7790222783562145,
        "bead_mass": 0.13318085637929805,
        "entanglement_sampling_cutoff": 2.3394412484314238
    },
    "cis-PBd": {
        "density": 0.0009000000000000001,
        "temperature": 298,
        "plateau_modulus": 0.95,
        "mean_squared_bead_distance": 0.5819417733584745,
        "bead_mass": 0.07681878586568816,
        "entanglement_sampling_cutoff": 1.9930819824743977
    },
    "PIB(413)": {
        "density": 0.000849,
        "temperature": 413,
        "plateau_modulus": 0.38,
        "mean_squared_bead_distance": 1.263393158922544,
        "bead_mass": 0.22740058268970006,
        "entanglement_sampling_cutoff": 2.4054128118177673
    },
    "cis-P1": {
        "density": 0.00091,
        "temperature": 298,
        "plateau_modulus": 0.72,
        "mean_squared_bead_distance": 0.7404787708579917,
        "bead_mass": 0.10915907030196129,
        "entanglement_sampling_cutoff": 2.117826830137416
    },
    "a-PP(463)": {
        "density": 0.0007650000000000001,
        "temperature": 463,
        "plateau_modulus": 0.53,
        "mean_squared_bead_distance": 1.0647677899438586,
        "bead_mass": 0.15567475500295258,
        "entanglement_sampling_cutoff": 2.255695222596186
    },
    "i-PP": {
        "density": 0.0007660000000000001,
        "temperature": 463,
        "plateau_modulus": 0.54,
        "mean_squared_bead_distance": 1.1031347415585449,
        "bead_mass": 0.1594095910008424,
        "entanglement_sampling_cutoff": 2.2472837627407176
    },
    "a-PP(413)": {
        "density": 0.000791,
        "temperature": 413,
        "plateau_modulus": 0.59,
        "mean_squared_bead_distance": 1.0647677899438586,
        "bead_mass": 0.15567475500295258,
        "entanglement_sampling_cutoff": 2.2074347339370672
    },
    "a-PP(348)": {
        "density": 0.000825,
        "temperature": 348,
        "plateau_modulus": 0.6,
        "mean_squared_bead_distance": 1.0647677899438586,
        "bead_mass": 0.15567475500295258,
        "entanglement_sampling_cutoff": 2.1998715306946957
    },
    "a-PP": {
        "density": 0.000852,
        "temperature": 298,
        "plateau_modulus": 0.6,
        "mean_squared_bead_distance": 1.0647677899438586,
        "bead_mass": 0.15567475500295258,
        "entanglement_sampling_cutoff": 2.1998715306946957
    },
    "PIB": {
        "density": 0.0009180000000000001,
        "temperature": 298,
        "plateau_modulus": 0.43,
        "mean_squared_bead_distance": 1.3262911924324612,
        "bead_mass": 0.23274818877758774,
        "entanglement_sampling_cutoff": 2.349786531632538
    },
    "a-PMMA": {
        "density": 0.00113,
        "temperature": 413,
        "plateau_modulus": 0.39,
        "mean_squared_bead_distance": 1.9870176335136949,
        "bead_mass": 0.5075981651677516,
        "entanglement_sampling_cutoff": 2.3937238429363004
    },
    "i-PS": {
        "density": 0.000969,
        "temperature": 413,
        "plateau_modulus": 0.24,
        "mean_squared_bead_distance": 2.484957003495085,
        "bead_mass": 0.5917338342838512,
        "entanglement_sampling_cutoff": 2.6122023600380655
    },
    "a-PMA": {
        "density": 0.00111,
        "temperature": 298,
        "plateau_modulus": 0.31,
        "mean_squared_bead_distance": 1.8342288881454756,
        "bead_mass": 0.419829519217341,
        "entanglement_sampling_cutoff": 2.4970323416763254
    },
    "PI-75": {
        "density": 0.0008900000000000001,
        "temperature": 298,
        "plateau_modulus": 0.46,
        "mean_squared_bead_distance": 1.9098593171027443,
        "bead_mass": 0.33893636680850037,
        "entanglement_sampling_cutoff": 2.319437955274548
    },
    "PBd-20": {
        "density": 0.0008950000000000001,
        "temperature": 298,
        "plateau_modulus": 1.34,
        "mean_squared_bead_distance": 0.8658877730562263,
        "bead_mass": 0.10389634685038929,
        "entanglement_sampling_cutoff": 1.8382986737167308
    },
    "a-PS": {
        "density": 0.000969,
        "temperature": 413,
        "plateau_modulus": 0.25,
        "mean_squared_bead_distance": 2.6894214490259265,
        "bead_mass": 0.6156877142521353,
        "entanglement_sampling_cutoff": 2.5938324625039506
    },
    "PBd-98": {
        "density": 0.0008900000000000001,
        "temperature": 300,
        "plateau_modulus": 0.71,
        "mean_squared_bead_distance": 1.5931622010089515,
        "bead_mass": 0.24174574822704958,
        "entanglement_sampling_cutoff": 2.1241206390260494
    },
    "PEO": {
        "density": 0.0010600000000000002,
        "temperature": 353,
        "plateau_modulus": 2.25,
        "mean_squared_bead_distance": 0.8003082970650972,
        "bead_mass": 0.09941454365292152,
        "entanglement_sampling_cutoff": 1.605081402702652
    },
    "POM": {
        "density": 0.00114,
        "temperature": 473,
        "plateau_modulus": 2.12,
        "mean_squared_bead_distance": 0.7904483300306682,
        "bead_mass": 0.10365018720507382,
        "entanglement_sampling_cutoff": 1.6318627600922353
    },
    "a-PHMA": {
        "density": 0.00096,
        "temperature": 373,
        "plateau_modulus": 0.11,
        "mean_squared_bead_distance": 5.053572635690176,
        "bead_mass": 1.3767963610402894,
        "entanglement_sampling_cutoff": 2.963273710935374
    },
    "a-PVA": {
        "density": 0.00108,
        "temperature": 333,
        "plateau_modulus": 0.44,
        "mean_squared_bead_distance": 2.3109297736943204,
        "bead_mass": 0.47169281000622,
        "entanglement_sampling_cutoff": 2.3394412484314238
    },
    "SBR": {
        "density": 0.0009130000000000001,
        "temperature": 298,
        "plateau_modulus": 0.98,
        "mean_squared_bead_distance": 1.2020230128663092,
        "bead_mass": 0.14735625664401616,
        "entanglement_sampling_cutoff": 1.9790912182928837
    },
    "P6N": {
        "density": 0.000985,
        "temperature": 543,
        "plateau_modulus": 2.25,
        "mean_squared_bead_distance": 1.0140495659188782,
        "bead_mass": 0.11887813216010638,
        "entanglement_sampling_cutoff": 1.605081402702652
    },
    "a-PaMS": {
        "density": 0.0010400000000000001,
        "temperature": 473,
        "plateau_modulus": 0.4,
        "mean_squared_bead_distance": 3.5428730670355426,
        "bead_mass": 0.8018098709015214,
        "entanglement_sampling_cutoff": 2.3823308293433696
    },
    "a-PEA": {
        "density": 0.00113,
        "temperature": 298,
        "plateau_modulus": 0.45,
        "mean_squared_bead_distance": 2.7808400483379114,
        "bead_mass": 0.6027516004776261,
        "entanglement_sampling_cutoff": 2.329328463297997
    },